{
  "Top_Exec": [
    {
      "L1D_Size": "64kB",
      "L2_Size": "512kB",
      "L1_Assoc": 4,
      "L2_Assoc": 8,
      "Exec_Ticks": 36098731000,
      "L1D_Hit_Rate": 0.9726688241679967,
      "L2_Hit_Rate": 0.015424164524421594
    },
    {
      "L1D_Size": "64kB",
      "L2_Size": "256kB",
      "L1_Assoc": 4,
      "L2_Assoc": 8,
      "Exec_Ticks": 36099327000,
      "L1D_Hit_Rate": 0.9726688241679967,
      "L2_Hit_Rate": 0.010282776349614395
    },
    {
      "L1D_Size": "64kB",
      "L2_Size": "512kB",
      "L1_Assoc": 2,
      "L2_Assoc": 8,
      "Exec_Ticks": 36763798000,
      "L1D_Hit_Rate": 0.9707657092142074,
      "L2_Hit_Rate": 0.05432098765432099
    }
  ],
  "Top_L1D": [
    {
      "L1D_Size": "64kB",
      "L2_Size": "256kB",
      "L1_Assoc": 4,
      "L2_Assoc": 8,
      "Exec_Ticks": 36099327000,
      "L1D_Hit_Rate": 0.9726688241679967,
      "L2_Hit_Rate": 0.010282776349614395
    },
    {
      "L1D_Size": "64kB",
      "L2_Size": "512kB",
      "L1_Assoc": 4,
      "L2_Assoc": 8,
      "Exec_Ticks": 36098731000,
      "L1D_Hit_Rate": 0.9726688241679967,
      "L2_Hit_Rate": 0.015424164524421594
    },
    {
      "L1D_Size": "64kB",
      "L2_Size": "256kB",
      "L1_Assoc": 2,
      "L2_Assoc": 8,
      "Exec_Ticks": 36764948000,
      "L1D_Hit_Rate": 0.9707657092142074,
      "L2_Hit_Rate": 0.044444444444444446
    }
  ],
  "Top_L2": [
    {
      "L1D_Size": "16kB",
      "L2_Size": "256kB",
      "L1_Assoc": 2,
      "L2_Assoc": 8,
      "Exec_Ticks": 63542552000,
      "L1D_Hit_Rate": 0.49053400374370265,
      "L2_Hit_Rate": 0.05432098765432099
    },
    {
      "L1D_Size": "16kB",
      "L2_Size": "512kB",
      "L1_Assoc": 2,
      "L2_Assoc": 8,
      "Exec_Ticks": 63541806000,
      "L1D_Hit_Rate": 0.49053400374370265,
      "L2_Hit_Rate": 0.05432098765432099
    },
    {
      "L1D_Size": "32kB",
      "L2_Size": "256kB",
      "L1_Assoc": 2,
      "L2_Assoc": 8,
      "Exec_Ticks": 63538863000,
      "L1D_Hit_Rate": 0.4905965309973027,
      "L2_Hit_Rate": 0.05432098765432099
    }
  ]
}